<?xml version="1.0" encoding="UTF-8"?>
<project-private xmlns="http://www.netbeans.org/ns/project-private/1">
    <editor-bookmarks xmlns="http://www.netbeans.org/ns/editor-bookmarks/2" lastBookmarkId="0"/>
    <open-files xmlns="http://www.netbeans.org/ns/projectui-open-files/2">
        <group>
            <file>file:/C:/Users/ABC/Documents/NetBeansProjects/FeeReportProject/src/feereportproject/AdminSection.java</file>
            <file>file:/C:/Users/ABC/Documents/NetBeansProjects/FeeReportProject/src/feereportproject/AccountantSection.java</file>
            <file>file:/C:/Users/ABC/Documents/NetBeansProjects/FeeReportProject/src/feereportproject/FeeProject.java</file>
            <file>file:/C:/Users/ABC/Documents/NetBeansProjects/FeeReportProject/src/feereportproject/AccountantLogin.java</file>
            <file>file:/C:/Users/ABC/Documents/NetBeansProjects/FeeReportProject/src/feereportproject/AdminLogin.java</file>
        </group>
    </open-files>
</project-private>
